state,listings,population,per100k
California,4040,39431263,10.25
Texas,3769,31290831,12.05
Florida,3647,23372215,15.6
New York,1781,19867248,8.96
Arizona,1263,7582384,16.66
Georgia,1054,11180878,9.43
Illinois,982,12710158,7.73
Colorado,957,5957493,16.06
Massachusetts,817,7136171,11.45
North Carolina,785,11046024,7.11
Michigan,735,10140459,7.25
Pennsylvania,731,13078751,5.59
New Jersey,718,9500851,7.56
Ohio,698,11883304,5.87
Virginia,697,8811195,7.91
Tennessee,652,7227750,9.02
Washington,636,7958180,7.99
Missouri,521,6245466,8.34
Utah,420,3503613,11.99
Maryland,413,6263220,6.59
Nevada,409,3267467,12.52
Minnesota,407,5793151,7.03
South Carolina,402,5478831,7.34
Oregon,383,4272371,8.96
Indiana,376,6924275,5.43
Kentucky,344,4588372,7.5
Connecticut,344,3675069,9.36
Oklahoma,336,4095393,8.2
Wisconsin,314,5960975,5.27
Louisiana,289,4597740,6.29
Idaho,234,2001619,11.69
Iowa,218,3241488,6.73
Arkansas,209,3088354,6.77
Kansas,192,2970606,6.46
New Mexico,189,2130256,8.87
Alabama,148,5157699,2.87
New Hampshire,143,1409032,10.15
Mississippi,136,2943045,4.62
Maine,122,1405012,8.68
Montana,122,1137233,10.73
Hawaii,118,1446146,8.16
Nebraska,115,2005465,5.73
Rhode Island,89,1112308,8.0
Delaware,80,1051917,7.61
West Virginia,75,1769979,4.24
Wyoming,69,587618,11.74
South Dakota,62,924669,6.71
North Dakota,49,796568,6.15
Alaska,48,740133,6.49
District of Columbia,33,702250,4.7
Vermont,28,648493,4.32
