role,segment,pay_unit,median,p25,p75,pay_points,employers_behind_pay,role_listings,role_employers,part_time_pct,contract_pct,commission_mention_employer_pct
nurse-injector,all,hour,55.0,45.0,70.0,101,89,289,183,50,6,31
nurse-injector,all,year,125000,110000,150000,13,12,289,183,50,6,31
nurse-injector,chain,hour,46.25,45.0,70.0,10,6,289,183,50,6,31
nurse-injector,independent,hour,55.0,47.5,69.0,91,83,289,183,50,6,31
nurse-injector,independent,year,125000,106000,147500,11,10,289,183,50,6,31
aesthetic-nurse-practitioner,all,hour,65.0,55.0,75.0,75,60,325,141,31,38,17
aesthetic-nurse-practitioner,all,year,124000,109000,146500,26,23,325,141,31,38,17
aesthetic-nurse-practitioner,chain,hour,70.0,57.5,71.0,19,8,325,141,31,38,17
aesthetic-nurse-practitioner,independent,hour,65.0,55.0,77.5,56,52,325,141,31,38,17
aesthetic-nurse-practitioner,independent,year,120000,106000,130000,22,22,325,141,31,38,17
aesthetic-registered-nurse,all,hour,40.0,33.0,52.5,53,42,231,78,37,24,26
aesthetic-registered-nurse,chain,hour,40.0,36.5,46.25,16,5,231,78,37,24,26
aesthetic-registered-nurse,independent,hour,39.0,33.0,52.5,37,37,231,78,37,24,26
esthetician,all,hour,25.5,21.5,32.5,250,164,720,296,30,2,42
esthetician,all,year,62500,51000,74000,30,16,720,296,30,2,42
esthetician,chain,hour,27.5,24.0,38.25,98,14,720,296,30,2,42
esthetician,independent,hour,23.75,20.5,30.0,152,150,720,296,30,2,42
esthetician,independent,year,67000,61000,80500,12,12,720,296,30,2,42
master-esthetician,all,hour,25.5,22.5,31.0,17,14,36,20,42,0,50
master-esthetician,independent,hour,24.5,22.25,30.25,12,11,36,20,42,0,50
laser-technician,all,hour,23.5,22.5,25.5,10,10,17,15,41,6,47
laser-technician,independent,hour,23.5,22.5,25.5,10,10,17,15,41,6,47
med-spa-manager,all,year,82500,75000,95000,26,15,201,25,1,1,16
med-spa-manager,chain,year,85000,80000,95000,16,6,201,25,1,1,16
med-spa-manager,independent,year,80000,70000,94000,10,9,201,25,1,1,16
aesthetic-sales-consultant,all,hour,22.0,19.25,28.25,19,14,198,35,14,1,57
aesthetic-sales-consultant,all,year,95000,85000,101000,11,7,198,35,14,1,57
aesthetic-sales-consultant,independent,hour,21.25,19.0,26.5,10,10,198,35,14,1,57
patient-coordinator,all,hour,20.0,17.0,23.0,44,29,151,49,40,0,10
patient-coordinator,chain,hour,18.75,16.5,22.0,18,5,151,49,40,0,10
patient-coordinator,independent,hour,20.75,19.0,23.5,26,24,151,49,40,0,10
front-desk-coordinator,all,hour,20.75,18.5,23.0,76,75,127,117,47,2,16
front-desk-coordinator,independent,hour,20.75,18.5,23.0,76,75,127,117,47,2,16
